{
 "SI01" : [38.795567, 15.216683, 784],
 "SI02" : [38.793267, 15.215367, 869],
 "SI03" : [38.792745, 15.21395, 874],
 "SI04" : [38.79168, 15.21171, 821],
 "SI05" : [38.78993, 15.20798, 742],
 "SI06" : [38.79145, 15.20738, 725],
 "SI07" : [38.7918, 15.20619, 649]
}

