{
 "ADAK" : [51.86197000, -176.6449000, 5.0],
  "AUE" : [59.37180000, -153.3751000, 135.0],
"CLCO1" : [52.78641250, -169.7229250, 135.94],
"CLCO2" : [52.78718667, -169.7244333, 124.87],
"CLCO3" : [52.78746000, -169.7210167, 107.19],
"CLCO4" : [52.78612667, -169.7203967, 113.18],
"CLCO5" : [52.78518667, -169.7250067, 113.28],
 "CLES" : [52.82351667, -169.8951767, 146.0],
  "DFR" : [60.59190000, -152.6860000, 1047.0],
 "FONW" : [58.83410000, -153.9204000, 905.0],
 "FOSS" : [58.79940000, -153.6945000, 1179.0],
 "ISNN" : [54.83160000, -163.7808070, 482.0],
 "OK01" : [53.41084000, -167.9143100, 210.0],
 "OK02" : [53.41002000, -167.9136700, 212.0],
 "OK03" : [53.40995000, -167.9150500, 213.0],
 "OK04" : [53.41031000, -167.9144000, 215.0],
 "OK05" : [53.41038496, -167.9133190, 211.259384],
 "OK06" : [53.41045604, -167.9154480, 216.186874],
 "SSLN" : [54.81180000, -163.9959000, 661.0]
}
