{
"_comment" : "sakurajima 2015",
 "ARI" : [31.55816, 130.66310, 118], 	
 "HAR" : [31.59344, 130.63426, 415],
 "KIT" : [31.59818,  130.66531, 617],
 "KOM" : [31.61519, 130.68804, 145],
 "SVO" : [31.58948, 130.60118, 31],
 "_comment" : "yasur 2016",
"YIF1" : [-19.52575, 169.44899, 334],
"YIF2" : [-19.52856, 169.4502,342],
"YIF3" : [-19.52986, 169.45007, 362],
"YIF4" : [-19.53153, 169.44803, 369],
"YIF5" : [-19.53081, 169.44569, 381],
"YIF6" : [-19.52445, 169.44156, 141],
"YIB11" : [-19.53662, 169.44798, 265],
"YIB12" : [-19.53712, 169.44798, 252],
"YIB13" : [-19.53767, 169.44798, 260],
"YIB21" : [-19.534245, 169.447905, 284],
"YIB22" : [-19.53477, 169.44791, 279],
"YIB23" : [-19.53533, 169.44783, 271],
 "_comment" : "stromboli 2018",
 "SI01" : [38.795567, 15.216683, 784],
 "SI02" : [38.793267, 15.215367, 869],
 "SI03" : [38.792745, 15.21395, 874],
 "SI04" : [38.79168, 15.21171, 821],
 "SI05" : [38.78993, 15.20798, 742],
 "SI06" : [38.79145, 15.20738, 725],
 "SI07" : [38.7918, 15.20619, 649]
}