{
"_comment" : "sakurajima 2015",
 "ARI" : [31.55816, 130.66310, 118], 	
 "HAR" : [31.59344, 130.63426, 415],
 "KIT" : [31.59818,  130.66531, 617],
 "KOM" : [31.61519, 130.68804, 145],
 "SVO" : [31.58948, 130.60118, 31],
 "_comment" : "yasur 2016",
"YIF1" : [-19.52575, 169.44899, 334],
"YIF2" : [-19.52856, 169.4502,342],
"YIF3" : [-19.52986, 169.45007, 362],
"YIF4" : [-19.53153, 169.44803, 369],
"YIF5" : [-19.53081, 169.44569, 381],
"YIF6" : [-19.52445, 169.44156, 141],
"YIB11" : [-19.53662, 169.44798, 265],
"YIB12" : [-19.53712, 169.44798, 252],
"YIB13" : [-19.53767, 169.44798, 260],
"YIB21" : [-19.534245, 169.447905, 284],
"YIB22" : [-19.53477, 169.44791, 279],
"YIB23" : [-19.53533, 169.44783, 271],
 "_comment" : "etna 2017",
 "ET01" : [37.758490, 15.003200, 3063],
 "ET03" : [37.764170, 14.993560, 2958],
 "ET04" : [37.755130, 14.991530, 3175],
 "ET05" : [37.737550, 14.997950, 2911],
 "ET06" : [37.731930, 15.009150, 2707],
 "ET07" : [37.760420, 15.014360, 2664],
 "ET08" : [37.764590, 15.058790, 1740],
 "ET09" : [37.786800, 15.009780, 2409],
 "ET10" : [37.783820, 14.952530, 1849],
 "ET11" : [37.748170, 14.951480, 1905],
 "ET12" : [37.708920, 14.999960, 2141],
 "ET13" : [37.720690, 14.956750, 1846],
 "ET14" : [37.737230, 15.061717, 1423],
 "ET15" : [37.792930, 15.045700, 1794],
 "_comment" : "kilauea 2018",
 "HLE1"	: [19.4308394, -155.27532, 0],
 "HLE5"	: [19.421098, -155.252931, 0],
 "HLE6" : [19.400438, -155.266517, 0],
 "HLE7" : [19.420320, 155.290716, 0],
 "AHUD" : [19.371500, -155.263397, 0],
 "_comment" : "stromboli 2018",
 "SI01" : [38.795567, 15.216683, 784],
 "SI02" : [38.793267, 15.215367, 869],
 "SI03" : [38.792745, 15.21395, 874],
 "SI04" : [38.79168, 15.21171, 821],
 "SI05" : [38.78993, 15.20798, 742],
 "SI06" : [38.79145, 15.20738, 725],
 "SI07" : [38.7918, 15.20619, 649]
}