{
 "ADAK" : [51.86197000, -176.6449000, 5.0],
"CLCO1" : [52.78641250, -169.7229250, 135.94],
"CLCO2" : [52.78718667, -169.7244333, 124.87],
"CLCO3" : [52.78746000, -169.7210167, 107.19],
"CLCO4" : [52.78612667, -169.7203967, 113.18],
"CLCO5" : [52.78518667, -169.7250067, 113.28],
  "DFR" : [60.59190000, -152.6860000, 1047.0],
 "OK01" : [53.41084000, -167.9143100, 210.0],
 "OK02" : [53.41002000, -167.9136700, 212.0],
 "OK03" : [53.40995000, -167.9150500, 213.0],
 "OK04" : [53.41031000, -167.9144000, 215.0],
 "SSLN" : [54.81180000, -163.9959000, 661.0]
}
